<?xml version="1.0" encoding="utf-8"?>
<!--/2086365/810768/2.50/4/2/Power Supply/-->
<quadcept_library>
  <setting unit="mil" />
  <textstyle name="Default" height="47.244094488189" strokewidth="7.8740157480315" charwidth="47.244094488189" />
  <textstyle name="Dimension" height="19.6850393700787" strokewidth="0" charwidth="19.6850393700787" />
  <textstyle name="H127W0635TH00762" height="50" strokewidth="3" charwidth="25" />
  <textstyle name="H15W15TH02" height="59.0551181102362" strokewidth="7.8740157480315" charwidth="59.0551181102362" />
  <padstyle name="c130.3_h76" surface="False" plated="True" isvia="False" nopaste="True" nomask="True" complex="False" holesize="29.921259842519">
    <padshape layer="TOP" shape="round" width="51.299212598425" height="51.299212598425" />
    <padshape layer="TOP_SOLDER_MASK" shape="round" width="59.173228346456" height="59.173228346456" />
    <padshape layer="INNER" shape="round" width="51.299212598425" height="51.299212598425" />
    <padshape layer="BOTTOM" shape="round" width="51.299212598425" height="51.299212598425" />
    <padshape layer="BOTTOM_SOLDER_MASK" shape="round" width="59.173228346456" height="59.173228346456" />
  </padstyle>
  <footprint name="TBA22412" originx="0" originy="0" pickpointx="0" pickpointy="0">
    <pcbpin number="1" name="1" style="c130.3_h76" originx="0" originy="0" rotation="90" />
    <pcbpin number="2" name="2" style="c130.3_h76" originx="99.999999999999" originy="0" rotation="90" />
    <pcbpin number="3" name="4" style="c130.3_h76" originx="300" originy="0" rotation="90" />
    <pcbpin number="4" name="6" style="c130.3_h76" originx="499.99999999999" originy="0" rotation="90" />
    <line layer="TOP_ASSEMBLY" originx="-94.488188976377" originy="53.149606299212" endx="675.19685039369" endy="53.149606299212" width="7.8740157480314" />
    <line layer="TOP_ASSEMBLY" originx="675.19685039369" originy="53.149606299212" endx="675.19685039369" endy="-246.06299212598" width="7.8740157480314" />
    <line layer="TOP_ASSEMBLY" originx="675.19685039369" originy="-246.06299212598" endx="-94.488188976377" endy="-246.06299212598" width="7.8740157480314" />
    <line layer="TOP_ASSEMBLY" originx="-94.488188976377" originy="-246.06299212598" endx="-94.488188976377" endy="53.149606299212" width="7.8740157480314" />
    <line layer="TOP_SILKSCREEN" originx="-94.488188976377" originy="-246.06299212598" endx="675.19685039369" endy="-246.06299212598" width="3.9370078740157" />
    <line layer="TOP_SILKSCREEN" originx="675.19685039369" originy="-246.06299212598" endx="675.19685039369" endy="53.149606299212" width="3.9370078740157" />
    <line layer="TOP_SILKSCREEN" originx="675.19685039369" originy="53.149606299212" endx="-94.488188976377" endy="53.149606299212" width="3.9370078740157" />
    <line layer="TOP_SILKSCREEN" originx="-94.488188976377" originy="53.149606299212" endx="-94.488188976377" endy="-246.06299212598" width="3.9370078740157" />
    <line layer="TOP_PLACE_BOUND" originx="-133.85826771653" originy="-285.43307086614" endx="714.56692913385" endy="-285.43307086614" width="3.9370078740157" />
    <line layer="TOP_PLACE_BOUND" originx="714.56692913385" originy="-285.43307086614" endx="714.56692913385" endy="112.20472440945" width="3.9370078740157" />
    <line layer="TOP_PLACE_BOUND" originx="714.56692913385" originy="112.20472440945" endx="-133.85826771653" endy="112.20472440945" width="3.9370078740157" />
    <line layer="TOP_PLACE_BOUND" originx="-133.85826771653" originy="112.20472440945" endx="-133.85826771653" endy="-285.43307086614" width="3.9370078740157" />
    <line layer="TOP_SILKSCREEN" originx="-3.9370078740157" originy="70.866141732283" endx="-3.9370078740157" endy="70.866141732283" width="7.8740157480314" />
    <arc layer="TOP_SILKSCREEN" originx="-1.9685039370078" originy="70.866141732283" startangle="180.0" sweepangle="180.0" radius="1.9685039370079" width="7.8740157480314" />
    <line layer="TOP_SILKSCREEN" originx="0" originy="70.866141732283" endx="0" endy="70.866141732283" width="7.8740157480314" />
    <arc layer="TOP_SILKSCREEN" originx="-1.9685039370078" originy="70.866141732283" startangle=".0" sweepangle="180.0" radius="1.9685039370079" width="7.8740157480314" />
    <line layer="TOP_SILKSCREEN" originx="-3.9370078740157" originy="70.866141732283" endx="-3.9370078740157" endy="70.866141732283" width="7.8740157480314" />
    <arc layer="TOP_SILKSCREEN" originx="-1.9685039370078" originy="70.866141732283" startangle="180.0" sweepangle="180.0" radius="1.9685039370079" width="7.8740157480314" />
  </footprint>
  <symbol name="TBA_2-2411" originx="0" originy="0">
    <line originx="200" originy="100" endx="1100" endy="100" width="0" />
    <line originx="1100" originy="-400" endx="1100" endy="100" width="0" />
    <line originx="1100" originy="-400" endx="200" endy="-400" width="0" />
    <line originx="200" originy="100" endx="200" endy="-400" width="0" />
    <sympin number="1" originx="200" originy="0" rotation="180" length="100" width="7.8740157480315" flipped="False">
      <text name="pinname" originx="230" originy="0" style="Default" rotation="0" justify="left" flipped="False" hidden="False" data="+VIN_(VCC)" />
      <text name="pindes" originx="140" originy="20" style="Default" rotation="0" justify="lowerright" flipped="False" hidden="False" data="1" />
    </sympin>
    <sympin number="2" originx="200" originy="-100" rotation="180" length="100" width="7.8740157480315" flipped="False">
      <text name="pinname" originx="230" originy="-100" style="Default" rotation="0" justify="left" flipped="False" hidden="False" data="-VIN_(GND)" />
      <text name="pindes" originx="140" originy="-80" style="Default" rotation="0" justify="lowerright" flipped="False" hidden="False" data="2" />
    </sympin>
    <sympin number="4" originx="200" originy="-200" rotation="180" length="100" width="7.8740157480315" flipped="False">
      <text name="pinname" originx="230" originy="-200" style="Default" rotation="0" justify="left" flipped="False" hidden="False" data="-VOUT" />
      <text name="pindes" originx="140" originy="-180" style="Default" rotation="0" justify="lowerright" flipped="False" hidden="False" data="4" />
    </sympin>
    <sympin number="6" originx="200" originy="-300" rotation="180" length="100" width="7.8740157480315" flipped="False">
      <text name="pinname" originx="230" originy="-300" style="Default" rotation="0" justify="left" flipped="False" hidden="False" data="+VOUT" />
      <text name="pindes" originx="140" originy="-280" style="Default" rotation="0" justify="lowerright" flipped="False" hidden="False" data="6" />
    </sympin>
  </symbol>
  <component name="TBA_2-2411" designatorprefix="PS" height="401.5748031496" footprint="TBA22412">
    <comppin designator="1" sympin="1" pinswap="0" gateswap="0" gate="1" group="1" side="" type="Any" name="+VIN_(VCC)" />
    <comppin designator="2" sympin="2" pinswap="0" gateswap="0" gate="1" group="1" side="" type="Any" name="-VIN_(GND)" />
    <comppin designator="4" sympin="4" pinswap="0" gateswap="0" gate="1" group="1" side="" type="Any" name="-VOUT" />
    <comppin designator="6" sympin="6" pinswap="0" gateswap="0" gate="1" group="1" side="" type="Any" name="+VOUT" />
    <attached_symbol gate="1" name="TBA_2-2411" />
    <pinmap designator="1" footprintpin="1" />
    <pinmap designator="2" footprintpin="2" />
    <pinmap designator="4" footprintpin="3" />
    <pinmap designator="6" footprintpin="4" />
    <text name="Datasheet" originx="0" originy="0" style="Default" rotation="0" justify="" flipped="False" hidden="True" data="https://tracopower.com/tba2-datasheet/" />
    <text name="Description" originx="0" originy="0" style="Default" rotation="0" justify="" flipped="False" hidden="True" data="2 Watt DC/DC converter, industrial, +/-10% input, short circuit protection, unregulated, encapsulated, SIP-7" />
    <text name="Mouser Part Number" originx="0" originy="0" style="Default" rotation="0" justify="" flipped="False" hidden="True" data="495-TBA2-2411" />
    <text name="Mouser Price/Stock" originx="0" originy="0" style="Default" rotation="0" justify="" flipped="False" hidden="True" data="https://www.mouser.co.uk/ProductDetail/TRACO-Power/TBA-2-2411?qs=byeeYqUIh0MZScYj9Qn93w%3D%3D" />
    <text name="Manufacturer_Name" originx="0" originy="0" style="Default" rotation="0" justify="" flipped="False" hidden="True" data="Traco Power" />
    <text name="Manufacturer_Part_Number" originx="1150" originy="200" style="Default" rotation="0" justify="left" flipped="False" hidden="False" data="TBA 2-2411" />
  </component>
</quadcept_library>
